RAZON_SOCIAL,DEPARTAMENTO,PROVINCIA,DISTRITO,TIPO,MOVIL,FIJO,CORREO,WEB,RUC,DIRECCION
COOPERATIVA AGROPECUARIA EL IMPERIO DE KUELAP - LUYA- AMAZONAS,AMAZONAS,LUYA,TINGO,COOPERATIVAS AGROPECUARIAS,944356379,,,,20539208293,OTRO KUELAP SN Interior  Piso 1 Mza  Lote  Km
COOPERATIVA AGRARIA COLAN-COPALLIN,AMAZONAS,BAGUA,COPALLIN,COOPERATIVAS AGRARIAS,940177910,,INFO@COOPERATIVACOLAN.COM,WWW.COLANCOFFEANDCOCOABEANS.COM,20601370183,JIRÓN JOSE OLAYA 320 Interior  Piso 1 Mza  Lote  Km
COOPERATIVA AGRARIA CAFETALERA MONTAÑA AZUL LTDA. - COOPACMA,AMAZONAS,UTCUBAMBA,LONYA GRANDE,COOPERATIVAS AGRARIAS CAFETALERAS,968078951,,COOPACMA@GMAIL.COM,,20600200756,JIRÓN SAN FRANCISCO 240 Interior  Piso 1 Mza  Lote  Km
COOPERATIVA AGRARIA CAFETALERA PRODUCTORA COMERCIAL EXPORTADORA CAFE ANDES AMAZONICOS LTDA.,AMAZONAS,UTCUBAMBA,LONYA GRANDE,COOPERATIVAS AGRARIAS CAFETALERAS,983152684,,,,20600001109,JIRÓN DOS DE MAYO 419 Interior  Piso 1 Mza  Lote  Km
COOPERATIVA AGRARIA ECOLOGICA CAFETALERA DE LONYA GRANDE,AMAZONAS,UTCUBAMBA,LONYA GRANDE,COOPERATIVAS AGRARIAS,976967619,,CECAFE@CECAFE.ORG,WWW.CECAFE.ORG,20561140091,JIRÓN DOS DE MAYO SN Interior  Piso 1 Mza  Lote  Km
COOPERATIVA AGRARIA YUNGAY,AMAZONAS,UTCUBAMBA,LONYA GRANDE,COOPERATIVAS AGRARIAS,999846102,,,,20561344338,CALLE COMERCIO 701 Interior  Piso 1 Mza  Lote  Km
COOPERATIVA AGRARIA  SELVA MAGICA DE MARISCAL RAMON CASTILLA LTDA.,LORETO,MARISCAL RAMON CASTILLA,RAMON CASTILLA,COOPERATIVAS AGRARIAS,965001281,,COOPASELMA.12@HOTMAIL.COM,,20600032675,CALLE RAMON CASTILLA 405 Interior  Piso 1 Mza  Lote  Km
COOPERATIVA AGRARIA MONTE AZUL - MONTE AZUL COOP,SAN MARTIN,SAN MARTIN,TARAPOTO,COOPERATIVAS AGRARIAS,995692254,,MONTEAZULCOOP@YAHOO.COM,WWW.MONTEAZULCOOP.COM,20600847156,JIRÓN RAMON CASTILLA 1388 Interior  Piso 1 Mza  Lote  Km
COOPERATIVA AGRARIA APROECO,SAN MARTIN,MOYOBAMBA,MOYOBAMBA,COOPERATIVAS AGRARIAS,969238821,042-561081,COOPERATIVAAGRARIA@APROECO.COM,WWW.APROECO.COM,20531360525,CARRETERA BAÑOS TERMALES SN Interior 0 Piso 3 Mza F Lote 4 Km 1
COOPERATIVA AGRARIA CAFETALERA ALTO MAYO,SAN MARTIN,MOYOBAMBA,MOYOBAMBA,COOPERATIVAS AGRARIAS CAFETALERAS,939077347,,CACALTOMAYOGER@GMAIL.COM,,20542215501,JIRÓN 25 DE MAYO SN Interior  Piso 1 Mza  Lote  Km
COOPERATIVA AGRARIA CAFETALERA FE Y ESPERANZA VALLE DEL ALTO MAYO LTDA.,SAN MARTIN,MOYOBAMBA,MOYOBAMBA,COOPERATIVAS AGRARIAS CAFETALERAS,997035021,,CACFEVAM@HOTMAIL.COM,,20531479841,JIRÓN VENCEREMOS SN Interior  Piso 1 Mza  Lote  Km
COOPERATIVA AGRARIA DE SERVICIOS MULTIPLES CAFE DONCEL,SAN MARTIN,MOYOBAMBA,SORITOR,COOPERATIVAS AGRARIAS,952537917,,DONCEL_COFFEE@YAHOO.ES,WWW.CAFEDONCEL.ORG,20450319423,AVENIDA CAJAMARCA 1 Interior  Piso 2 Mza  Lote  Km
COOPERATIVA AGROECOLOGICA ÑUCÑU COFFEE - COPAGRO ÑUCÑU COFFEE,SAN MARTIN,RIOJA,NUEVA CAJAMARCA,COOPERATIVAS AGRARIAS,942681145,,COPAGRO.NC@GMAIL.COM,,20601252041,JIRÓN FRANCISCO BOLOGNESI 3 Interior  Piso 1 Mza  Lote  Km
COOPERATIVA AGROINDUSTRIAL UCHIZA LTDA.,SAN MARTIN,TOCACHE,UCHIZA,COOPERATIVAS AGROINDUSTRIALES,961644850,,CAUUCHIZA@GMAIL.COM,,20450207544,AVENIDA LEONCIO PRADO 986 Interior  Piso 1 Mza  Lote  Km
COOPERATIVA AGRARIA INDUSTRIAL PROGRESO LTDA.,SAN MARTIN,TOCACHE,NUEVO PROGRESO,COOPERATIVAS AGROINDUSTRIALES,978287888,062-632342,EDUEDU22@HOTMAIL.COM,,20450306445,JIRÓN SARGENTO LORES SN Interior  Piso 1 Mza 29 Lote 7 Km
COOPERATIVA AGROINDUSTRIAL CORDILLERA AZUL NUEVO PROGRESO LTDA.,SAN MARTIN,TOCACHE,NUEVO PROGRESO,COOPERATIVAS AGROINDUSTRIALES,998048063,,COOPCORDILLERAAZUL@HOTMAIL.COM,,20572145388,JIRÓN HUAYAGA SN Interior  Piso 1 Mza  Lote  Km
COOPERATIVA AGRARIA CENTRAL DE CACAO AROMA DE TOCA,SAN MARTIN,TOCACHE,TOCACHE,COOPERATIVAS AGRARIAS,962991186,042-551536,ADM.CACAODEAROMA@GMAIL.COM,WWW.CACAODEAROMA.COM,20572190251,JIRÓN TOCACHE 717 Interior  Piso 1 Mza  Lote  Km
COOPERATIVA AGROINDUSTRIAL ASPROC - NBT LTDA,SAN MARTIN,TOCACHE,TOCACHE,COOPERATIVAS AGROINDUSTRIALES,943935667,042-793751,ASPROCNBT@YAHOO.ES,,20450246442,AVENIDA SANTA ROSA 606 Interior  Piso 1 Mza  Lote  Km
COOPERATIVA AGRARIA ALLIMA CACAO LTDA.,SAN MARTIN,SAN MARTIN,CHAZUTA,COOPERATIVAS AGRARIAS,945679222,,ALLIMACACAO@GMAIL.COM,,20531441797,PASAJE JOSE OLAYA SN Interior  Piso 1 Mza  Lote  Km
COOPERATIVA AGROINDUSTRIAL CAUCHERA CAYNARACHI LTDA.,SAN MARTIN,LAMAS,CAYNARACHI,COOPERATIVAS AGROINDUSTRIALES,944830964,,COOPERATIVACAYNARACHI@ZOHO.COM,WWW.AMAZONRUBBER.COM,20600764749,JIRÓN RICARDO PALMA SN Interior  Piso 1 Mza  Lote  Km
COOPERATIVA AGROINDUSTRIAL DEL PALMITO APROPAL LTDA.,SAN MARTIN,LAMAS,CAYNARACHI,COOPERATIVAS AGROINDUSTRIALES,968299503,,GERENCIA.APROPAL@GMAIL.COM,,20450105113,AVENIDA LA MARGINAL 177 Interior  Piso 1 Mza  Lote  Km
COOPERATIVA AGRARIA NUEVO AMANECER LTDA.,SAN MARTIN,LAMAS,BARRANQUITA,COOPERATIVAS AGRARIAS,956037139,,COPANA.BARRANQUITA@GMAIL.COM,,20493934822,JIRÓN SAN MARTIN SN Interior  Piso 1 Mza  Lote  Km
COOPERATIVA AGRARIA MUSHUK RUNA LTDA.,SAN MARTIN,EL DORADO,SAN JOSE DE SISA,COOPERATIVAS AGRARIAS,947006014,,CA.MUSHUKRUNA@GMAIL.COM,,20542364174,JIRÓN 20 DE MAYO SN Interior  Piso 1 Mza  Lote  Km
COOPERATIVA DE APICULTORES DE LA PROVINCIA DEL DORADO LTDA.,SAN MARTIN,EL DORADO,SAN JOSE DE SISA,COOPERATIVAS AGRARIAS,990822831,,COOPERATIVADELDORADO@HOTMAIL.COM,,20542367190,JIRÓN NEREO CABELLO 667 Interior  Piso 1 Mza  Lote  Km
COOPERATIVA AGRARIA Y DE SERVICIOS BALSAYACU LTDA.,SAN MARTIN,MARISCAL CACERES,CAMPANILLA,COOPERATIVAS AGRARIAS,945977694,,COPASERVA@HOTMAIL.COM,,20600402782,JIRÓN SAN IGNACIO SN Interior  Piso 1 Mza  Lote  Km
COOPERATIVA AGRARIA DE SAPOSOA LTDA.,SAN MARTIN,HUALLAGA,SAPOSOA,COOPERATIVAS AGRARIAS,944895514,,,,20600628896,JIRÓN CHORRILLOS (PROLONGACION) SN Interior  Piso 1 Mza  Lote  Km
COOPERATIVA AGRARIA DE SERVICIOS MUJERES TECNOLOGAS CACAOTERAS DE LA PROVINCIA DE HUALLAGA LTDA.,SAN MARTIN,HUALLAGA,SAPOSOA,COOPERATIVAS AGRARIAS,951583827,,WARMITECH@HOTMAIL.COM,,20493959574,JIRÓN LORETO 385 Interior  Piso 1 Mza  Lote  Km
COOPERATIVA AGRARIA EL GRAN SAPOSOA LTDA.,SAN MARTIN,HUALLAGA,SAPOSOA,COOPERATIVAS AGRARIAS,996803708,042-547091,COOPALGSA@GMAIL.COM,,20450398111,JIRÓN SAPOSOA 201 Interior  Piso 1 Mza  Lote  Km
COOPERATIVA AGRARIA DEL BAJO BIAVO LTDA.,SAN MARTIN,BELLAVISTA,BELLAVISTA,COOPERATIVAS AGRARIAS,979854946,042-505422,COOPBAJOBIAVO@LIVE.COM,,20542264544,JIRÓN HUANUCO SN Interior  Piso 1 Mza  Lote  Km
COOPERATIVA AGROPECUARIA Y SERVICIOS PORKINS JUANJUI LTDA.,SAN MARTIN,MARISCAL CACERES,JUANJUI,COOPERATIVAS AGROPECUARIAS,942876800,,,,20542335239,JIRÓN ISAAC NEWTON 362 Interior  Piso 1 Mza  Lote  Km
COOPERATIVA AGRARIA CACAOTERA ACOPAGRO,SAN MARTIN,MARISCAL CACERES,JUANJUI,COOPERATIVAS AGRARIAS,942695767,042-545190,ACOPAGRO@ACOPAGRO.COM.PE,WWW.ACOPAGRO.COM.PE,20404057805,JIRÓN ARICA SN Interior  Piso 1 Mza  Lote  Km
COOPERATIVA AGRARIA CACAOTERA ALTO HUAYABAMBA LTDA.,SAN MARTIN,MARISCAL CACERES,JUANJUI,COOPERATIVAS AGRARIAS,954939708,042-545815,COOPERATIVAALHUA@GMAIL.COM,WWW.COOPALHUA.COM,20542310911,JIRÓN MALECON SN Interior  Piso 1 Mza  Lote  Km
COOPERATIVA AGRARIA APAHUI LTDA. - COOP APAHUI LTDA.,SAN MARTIN,MARISCAL CACERES,HUICUNGO,COOPERATIVAS AGRARIAS,949044518,,ASOCIACION.APAHUI@HOTMAIL.COM,WWW.APAHUI.GOB.PE,20531396805,JIRÓN HUAYNA CAPAC SN Interior  Piso 1 Mza  Lote  Km
COOPERATIVA AGROINDUSTRIAL ACEPROC-POLVORA,SAN MARTIN,TOCACHE,POLVORA,COOPERATIVAS AGROINDUSTRIALES,956823350,,,,20542251566,JIRÓN LOS CEDROS SN Interior  Piso 1 Mza  Lote  Km
COOPERATIVA AGROINDUSTRIAL CPCACAO TOCACHE LTDA,SAN MARTIN,TOCACHE,POLVORA,COOPERATIVAS AGROINDUSTRIALES,928909324,,CPCACAOTOCACHE@HOTMAIL.COM,,20450437892,CARRETERA FERNANDO BELAUNDE TERRY SN Interior 0 Piso 1 Mza  Lote  Km
COOPERATIVA AGRARIA ACEPAT,SAN MARTIN,TOCACHE,TOCACHE,COOPERATIVAS AGRARIAS,935710575,,,,20404175913,OTRO VILLA PALMA SN Interior  Piso 2 Mza  Lote  Km
COOPERATIVA AGRARIA CAFETALERA TOCACHE LTDA.,SAN MARTIN,TOCACHE,TOCACHE,COOPERATIVAS AGRARIAS CAFETALERAS,980608962,,CACTOCACHE@HOTMAIL.COM,,20493931726,AVENIDA 10 AGOSTO SN Interior  Piso 1 Mza  Lote  Km
COOPERATIVA AGRARIA DE CACAOTEROS TECNIFICADOS DE PADRE ABAD,UCAYALI,PADRE ABAD,IRAZOLA,COOPERATIVAS AGRARIAS,987266691,,COOPACATPA@GMAIL.COM,,20352417018,JIRÓN ARICA SN Interior  Piso 1 Mza Ñ Lote 10 Km
COOPERATIVA AGRARIA INDUSTRIAL MONTE ALEGRE - REGION UCAYALI (CAIMARU),UCAYALI,PADRE ABAD,NESHUYA,COOPERATIVAS AGROINDUSTRIALES,942123883,,CAIMARU2016@GMAIL.COM,,20601067146,JIRÓN LOLO FERNANDEZ SN Interior  Piso 1 Mza 18 Lote 15 Km
COOPERATIVA QALI MIJUY,CUSCO,CALCA,CALCA,COOPERATIVAS AGRARIAS,997482339,,QALIMIJUY@GMAIL.COM,WWW.QALIMIJUY.COM,20601320003,OTRO INGRESO A LA COMUNIDAD DE SACLLO SN Interior  Piso 1 Mza  Lote  Km
COOPERATIVA AGRARIA DE USUARIOS JOSE ZUÑIGA LETONA DE HUARAN LTDA. Nº 001-B-VII,CUSCO,CALCA,CALCA,COOPERATIVAS AGRARIAS,928121597,,,,20136345487,OTRO ENTRADA A HUARAN SN Interior  Piso 1 Mza  Lote  Km
COOPERATIVA AGRARIA DE USUARIOS LOS INCAS. Nº 58 VII,CUSCO,CALCA,CALCA,COOPERATIVAS AGRARIAS,974343340,,,,20116311420,CALLE MATEO PUMACAHUA (PROLONGACION) SN Interior  Piso 1 Mza  Lote  Km
COOPERATIVA AGROINDUSTRIAL VALLE SAGRADO LTDA. - AGROVAS,CUSCO,CALCA,CALCA,COOPERATIVAS AGROINDUSTRIALES,974782663,084224772,AGROVAS.CUSCO@GMAIL.COM,WWW.AGROVAS.COM,20491050960,CARRETERA CALCA URUBAMBA SN Interior  Piso 1 Mza  Lote  Km 55
COOPERATIVA AGRARIA DE PRODUCCION ORGANICA SEÑOR DE HUANCA SAN SALVADOR - CAPOSH,CUSCO,CALCA,SAN SALVADOR,COOPERATIVAS AGRARIAS,940187983,,CAPOSHSS@GMAIL.COM,,20601360145,CALLE CUSCO 163 Interior  Piso 1 Mza  Lote  Km
COOPERATIVA AGRARIA DE PRODUCCION ORGANICA PACHAMAMAQ RURUYNIN,CUSCO,ANTA,ZURITE,COOPERATIVAS AGRARIAS,973201978,,PACHAMAMAQRURUYNIN@GMAIL.COM,WWW.PACHAMAMAQRURUYNIN.COM,20601319650,CARRETERA CUSCO-ABANCAY SN Interior  Piso 1 Mza  Lote  Km
COOPERATIVA AGRARIA DEL CUSCO IMILLAY LTDA.- CAC IMILLAY LTDA.,CUSCO,ANTA,HUAROCONDO,COOPERATIVAS AGRARIAS,940812318,,,,20600819187,CALLE TOMAS HUILLCA SN Interior  Piso 1 Mza  Lote  Km
COOPERATIVA AGRARIA CAFETALERA MANCO II LTDA. N° 11,CUSCO,LA CONVENCION,MARANURA,COOPERATIVAS AGRARIAS CAFETALERAS,946762270,,,,20140282007,CARRETERA CHAULLAY VILCABAMBA SN Interior  Piso 1 Mza  Lote  Km
COOPERATIVA AGRARIA DE USUARIOS LOS LIBERTADORES HUYRO LTDA. N° 33,CUSCO,LA CONVENCION,HUAYOPATA,COOPERATIVAS AGRARIAS,974250311,,,,20132494666,CARRETERA HUYRO QUILLABAMBA SN Interior  Piso 1 Mza  Lote  Km 2
COOPERATIVA AGRARIA DE AGRICULTORES HUYRO,CUSCO,LA CONVENCION,HUAYOPATA,COOPERATIVAS AGRARIAS,944404104,,CAAH-IPAL@GMAIL.COM,WWW.CAAH-IPAL.COM.PE,20600161378,CARRETERA SICRE A IPAL PIRHUA ALTO SN Interior  Piso 1 Mza  Lote  Km 5
COOPERATIVA AGRARIA CAFETALERA MARANURA LTDA. N° 129,CUSCO,LA CONVENCION,MARANURA,COOPERATIVAS AGRARIAS CAFETALERAS,961500408,084-435330,CACMARANURA@HOTMAIL.COM,WWW.CACMARANURA.COM,20132509876,AVENIDA EDGAR DE LA TORRE SN Interior  Piso 1 Mza  Lote  Km
COOPERATIVA AGRARIA CAFETALERA HUAYOPATA LTDA. N° 110,CUSCO,LA CONVENCION,HUAYOPATA,COOPERATIVAS AGRARIAS CAFETALERAS,983793012,,,,20132490245,CARRETERA CUSCO QUILLABAMBA SN Interior  Piso 1 Mza  Lote  Km 30
COOPERATIVA AGRARIA DE PRODUCTORES TEALEROS NUEVA ESPERANZA TE HUYRO AMAYBAMBA,CUSCO,LA CONVENCION,HUAYOPATA,COOPERATIVAS AGRARIAS,954735242,,,,20600610024,CARRETERA CUSCO QUILLABAMBA SN Interior  Piso 1 Mza  Lote  Km 102
COOPERATIVA AGRARIA CAFETALERA ALTO URUBAMBA LTDA. N° 239,CUSCO,LA CONVENCION,SANTA ANA,COOPERATIVAS AGRARIAS CAFETALERAS,982606445,084-281026,FRANSO-19@HOTMAIL.COM,WWW.CACALTOURUBAMBA.COM,20136201132,AVENIDA NICANOR LARREA SN Interior  Piso 1 Mza  Lote  Km
COOPERATIVA AGRICOLA GANADERA ALTO SALKANTAY LTDA. N° 016-VII,CUSCO,LA CONVENCION,SANTA ANA,COOPERATIVAS AGRARIAS,939024895,,,,20134461561,CARRETERA SANTA TERESA - TOTORA SN Interior  Piso 1 Mza  Lote  Km
COOPERATIVA AGRARIA CAFETALERA TIOBAMBA,CUSCO,LA CONVENCION,SANTA ANA,COOPERATIVAS AGRARIAS CAFETALERAS,968140737,,,,20140274756,JIRÓN LIBERTAD 325 Interior  Piso 1 Mza  Lote  Km
COOPERATIVA AGRARIA TROPICAL ECOLOGICA DE KIMBIRI,CUSCO,LA CONVENCION,KIMBIRI,COOPERATIVAS AGRARIAS,966687806,,CATEK_VRAEM@HOTMAIL.COM,,20534524774,AVENIDA AEROPUERTO 312 Interior  Piso 1 Mza  Lote  Km
COOPERATIVA AGRARIA CAFETALERA SANTA ANA LTDA. Nº 232,CUSCO,LA CONVENCION,SANTA ANA,COOPERATIVAS AGRARIAS CAFETALERAS,984044806,,,,20132526703,AVENIDA SAN MARTIN 666 Interior  Piso 1 Mza  Lote  Km
COOPERATIVA AGRARIA CAFETALERA MACHUPICCHU LTDA. - C.A.C. MACHUPICCHU LTDA.,CUSCO,LA CONVENCION,SANTA ANA,COOPERATIVAS AGRARIAS CAFETALERAS,988003328,,CACMACHUPICCHU.LTDA@ GMAIL.COM,,20564199266,AVENIDA MARISCAL GAMARRA 281 Interior  Piso 1 Mza  Lote  Km
COOPERATIVA AGRARIA CAFETALERA JOSE OLAYA LTDA. Nº 252,CUSCO,LA CONVENCION,SANTA ANA,COOPERATIVAS AGRARIAS CAFETALERAS,983606079,084-282638,252CACJOSEOLAYA@GMAIL.COM,WWW.CACJOSEOLAYA.COM,20132509795,AVENIDA EDGAR DE LA TORRE 232 Interior  Piso 1 Mza  Lote  Km
COOPERATIVA AGRARIA CAFETALERA CHACO HUAYANAY L,CUSCO,LA CONVENCION,SANTA ANA,COOPERATIVAS AGRARIAS CAFETALERAS,984326879,084-281571,CACCHACOHUAYANAY@HOTMAIL.COM,,20132491217,AVENIDA SAN MARTIN 247 Interior  Piso 1 Mza  Lote  Km
COOPERATIVA AGRARIA CAFETALERA MATEO PUMACAHUA LTDA. Nº 185,CUSCO,LA CONVENCION,SANTA ANA,COOPERATIVAS AGRARIAS CAFETALERAS,978563749,084-281110,CACMATEOPUMACAHUA@HOTMAIL.COM,,20132517119,JIRÓN LIBERTAD 631 Interior  Piso 1 Mza  Lote  Km
COOPERATIVA AGRARIA CAFETALERA AGUILAYOC  LTDA. Nº 084,CUSCO,LA CONVENCION,SANTA ANA,COOPERATIVAS AGRARIAS CAFETALERAS,979514195,084-282566,CACAGUILAYOC@GMAIL.COM,,20132505455,JIRÓN OLLANTA 130 Interior  Piso 1 Mza  Lote  Km
COOPERATIVA AGRARIA CAFETALERA CCOCHAPAMPA LTDA.,CUSCO,LA CONVENCION,SANTA ANA,COOPERATIVAS AGRARIAS CAFETALERAS,984950408,084-311143,CCOCHAPAMPA@HOTMAIL.COM,,20140292657,AVENIDA EDGAR DE LA TORRE 350 Interior  Piso 1 Mza  Lote  Km 10
COOPERATIVA AGRARIA CAFETALERA CHAUPIMAYO LTDA.,CUSCO,LA CONVENCION,SANTA TERESA,COOPERATIVAS AGRARIAS CAFETALERAS,992738362,,,,20132489158,CARRETERA CHAULLAY TABLADA CHAUPIMAYO SN Interior  Piso 1 Mza  Lote  Km 8
COOPERATIVA AGRARIA CAFETALERA HUADQUIÑA LTDA. N° 109,CUSCO,LA CONVENCION,SANTA TERESA,COOPERATIVAS AGRARIAS CAFETALERAS,984840989,,HUADQUINA@HOTMAAIL.COM,WWW.CAC-HUADQUINA.COM,20132497410,CARRETERA SANTA TERESA HUADQUIÑA SN Interior  Piso 1 Mza  Lote  Km 2
COOPERATIVA AGRARIA CAFETALERA SAN FERNANDO LTDA.,CUSCO,LA CONVENCION,VILCABAMBA,COOPERATIVAS AGRARIAS CAFETALERAS,984600083,,SANFERNANDOLTDA@OUTLOOK.COM,,20527181047,CARRETERA INKAWASI  ANDAHUAYLAS SN Interior  Piso 1 Mza  Lote  Km 10
COOPERATIVA AGRARIA CAFETALERA MANCO INCA LTDA.,CUSCO,LA CONVENCION,VILCABAMBA,COOPERATIVAS AGRARIAS CAFETALERAS,995521687,,,,20187587337,CARRETERA CHAULLAY OYARA VILCABAMBA SN Interior  Piso 1 Mza  Lote  Km 32
COOPERATIVA AGRARIA CAFETALERA JOSE CARLOS MARIATEGUI LTDA. N° 036-VII,CUSCO,LA CONVENCION,OCOBAMBA,COOPERATIVAS AGRARIAS CAFETALERAS,951668146,,,,20177421163,CARRETERA QUILLABAMBA SAN LORENZO OCCOBAMBA SN Interior  Piso 1 Mza  Lote  Km 8
COOPERATIVA AGRARIA CAFETALERA TIRIJUAY PAVAYOC LTDA. N° 013-B-VII,CUSCO,LA CONVENCION,OCOBAMBA,COOPERATIVAS AGRARIAS CAFETALERAS,968571500,,,,20147443120,CARRETERA TIRIJUAY PAUCARTAMBUYOC SN Interior  Piso 1 Mza  Lote  Km 10
COOPERATIVA AGRARIA ALPAQUERA DEL SUR LIMITADA - COOPAALSUR LTDA - COOPAALSUR LTDA,CUSCO,QUISPICANCHI,MARCAPATA,COOPERATIVAS AGROPECUARIAS,974368462,,,,20601427541,CARRETERA A QUINCEMIL SN Interior  Piso 1 Mza  Lote  Km
COOPERATIVA AGRARIA CACAOTERA DE MADRE DE DIOS LTDA.. - COOPACMDD,MADRE DE DIOS,TAMBOPATA,TAMBOPATA,COOPERATIVAS AGRARIAS,956686971,,,,20563837439,JIRÓN TACNA SN Interior  Piso 1 Mza  Lote  Km
COOPERATIVA AGROINDUSTRIAL DE LA INTER OCEANICA LTDA.,MADRE DE DIOS,TAMBOPATA,TAMBOPATA,COOPERATIVAS AGROINDUSTRIALES,963733558,,COOPAIDI@GMAIL.COM,,20600874919,AVENIDA JORGE CHAVEZ SN Interior  Piso 1 Mza  Lote  Km
COOPERATIVA AGROBOSQUE,MADRE DE DIOS,TAMBOPATA,INAMBARI,COOPERATIVAS AGRARIAS,986817984,082-633425,COOPERATIVAGROBOSQUE@GMAIL.COM,,20542825163,CARRETERA INTEROCEANICA SN Interior  Piso 1 Mza  Lote  Km 129
COOPERATIVA AGRARIA DE USUARIOS CRISTO SALVADOR DE URCO LTDA. N° 50 VII,CUSCO,CALCA,CALCA,COOPERATIVAS AGRARIAS,969475648,084-797462,,,20187597642,CARRETERA CALCA URUBAMBA SN Interior  Piso 1 Mza  Lote  Km 54
COOPERATIVA AGRARIA QHAPAQ QOLLA-PUNO,PUNO,PUNO,PUNO,COOPERATIVAS AGRARIAS,951902873,051-367208,GEDUES@YAHOO.ES,,20601056551,JIRÓN CORONEL MIGUEL RIOS 244 Interior  Piso 1 Mza  Lote  Km
COOPERATIVA AGRARIA E INDUSTRIAL KAPAC TIKA-CAPACHICA LTDA.,PUNO,PUNO,CAPACHICA,COOPERATIVAS AGROINDUSTRIALES,950937381,,COOPAINKAT_CAPACHICA@YAHOO.ES,,20600296206,JIRÓN JULIACA 235 Interior  Piso 1 Mza  Lote  Km
COOPERATIVA AGRARIA MAIKU MARKA-ACORA,PUNO,PUNO,ACORA,COOPERATIVAS AGRARIAS,979440926,,MAIKUMARKA@GMAIL.COM,,20600483073,CARRETERA PUNO ILAVE SN Interior  Piso 1 Mza  Lote  Km
COOPAIL JULI LTDA.,PUNO,CHUCUITO,JULI,COOPERATIVAS AGRARIAS,996622053,051-554168,RAULINBO_V15@HOTMAIL.COM,,20600570111,JIRÓN ILAVE 991 Interior  Piso 2 Mza  Lote  Km
COOPERATIVA AGRARIA SAN PEDRO DE HUACULLANI,PUNO,CHUCUITO,HUACULLANI,COOPERATIVAS AGRARIAS,958383788,,,,20600678788,CARRETERA BINACIONAL SN Interior  Piso 1 Mza  Lote  Km
COOPERATIVA AGRARIA DE USUARIOS SAN JOSE LTDA. MALA,LIMA,CAÑETE,MALA,COOPERATIVAS AGRARIAS,996756990,,,,20120266251,OTRO LAS CASUARINAS SN Interior  Piso 1 Mza A Lote 13 Km
COOPERATIVA AGRARIA CAFETALERA SATIPO LTDA.,JUNIN,SATIPO,SATIPO,COOPERATIVAS AGRARIAS CAFETALERAS,990223331,064-545030,SATIPOCACSATIPO@SATIPO.ORG,WWW.CACSATIPO.ORG,20129529530,JIRÓN MANUEL PRADO SN Interior  Piso 1 Mza  Lote  Km
COOPERATIVA AGROPECUARIO CAFETALERA SELVA ALEGRE,JUNIN,SATIPO,LLAYLLA,COOPERATIVAS AGROPECUARIAS,989231446,,,,20600444213,CARRETERA PRINCIPAL SN Interior  Piso 1 Mza  Lote  Km
COOPACI DE LLAYLLA,JUNIN,SATIPO,LLAYLLA,COOPERATIVAS AGRARIAS CAFETALERAS,974662769,,,,20601198321,CARRETERA PRINCIPAL SN Interior  Piso 2 Mza A Lote 14 Km
COOPERATIVA AGRARIA CAFETALERA PANGOA LTDA.,JUNIN,SATIPO,PANGOA,COOPERATIVAS AGRARIAS CAFETALERAS,964557160,064-543017,CACPANGOA@CACPANGOA.COM,WWW.CACPANGOA.COM,20135240681,AVENIDA LOS CAFETALEROS 600 Interior  Piso 1 Mza  Lote  Km
COOPERATIVA AGRARIA CAFETALERA MULTISERVICIOS KAJIRIALI LTDA.,JUNIN,SATIPO,PANGOA,COOPERATIVAS AGRARIAS CAFETALERAS,999519908,,,,20601103428,PASAJE LOS COCOS SN Interior  Piso 1 Mza F Lote 10 Km
COOPERATIVA AGRARIA COYENTIMARI LTDA.,JUNIN,SATIPO,PANGOA,COOPERATIVAS AGRARIAS,995518877,,,,20601156858,AVENIDA LOS PINOS SN Interior  Piso 1 Mza  Lote  Km
COOPERATIVA AGRARIA MUJER ANDINA,JUNIN,CONCEPCION,SAN JOSE DE QUERO,COOPERATIVAS AGRARIAS,979764799,064-652163,,,20568804709,OTRO PLAZA PRINCIPAL 106 Interior  Piso 1 Mza  Lote  Km
COOPERATIVA AGROPECUARIA DE SERVICIOS VALLE DEL CUNAS LTDA.,JUNIN,CONCEPCION,SAN JOSE DE QUERO,COOPERATIVAS AGROPECUARIAS,956055951,,CASVALLEDELCUNAS@YAHOO.ES,WWW.BIOCUNAS.COM,20486049198,PASAJE CAS CUNAS SN Interior  Piso 1 Mza  Lote  Km
COOPERATIVA AGRARIA CAFETALERA VALLE INCARIADO,JUNIN,CHANCHAMAYO,CHANCHAMAYO,COOPERATIVAS AGRARIAS CAFETALERAS,951496903,,TINTOCAFEEPICAFE@GMAIL.COM,WWW.TINTOCAFEEPICAFE.WIXSITE.COM,20573845901,JIRÓN ANTONIO DE SUCRE 399 Interior 1 Piso 1 Mza D Lote 9 Km
COOPERATIVA AGROPECUARIA WARMI CUNAPA,JUNIN,CHANCHAMAYO,CHANCHAMAYO,COOPERATIVAS AGROPECUARIAS,990432734,064-335283,CCAISAHUANA@COOPERENE.COM,,20573896565,AVENIDA PERU 545 Interior 1 Piso 2 Mza  Lote  Km
COOPERATIVA AGRARIA CAFETALERA ECOLOGICO ALTO PALOMAR,JUNIN,CHANCHAMAYO,SAN LUIS DE SHUARO,COOPERATIVAS AGRARIAS CAFETALERAS,995466808,,CACEALTOPALOMAR@GMAIL.COM,,20485945815,CARRETERA CARRETERA A SANCHIRIO SN Interior 1 Piso 1 Mza  Lote  Km 7
COOPERATIVA AGRARIA DE SERVICIOS CAFE HEMALU DE LOS BOSQUES DEL INKA,JUNIN,CHANCHAMAYO,SAN LUIS DE SHUARO,COOPERATIVAS AGRARIAS CAFETALERAS,957521150,01-2634879,COOPCHEBI@TERRA.COM.PE,WWW.COOPCHEBI.COM,20486054949,CARRETERA CAMINO A SANCHIRIO SN Interior 1 Piso 1 Mza  Lote  Km 7
COOPERATIVA AGRARIA DE FRUTOS ECOLOGICOS SANCHIRIO PALOMAR,JUNIN,CHANCHAMAYO,SAN LUIS DE SHUARO,COOPERATIVAS AGRARIAS,955699004,064-783634,CAFESANCHIRIO@HOTMAIL.COM,,20486299895,CARRETERA SANCHIRIO PALOMAR SN Interior  Piso 1 Mza  Lote  Km
COOPERATIVA AGRARIA CAFETALERA SHANKIVIRONI,JUNIN,CHANCHAMAYO,PICHANAQUI,COOPERATIVAS AGRARIAS CAFETALERAS,961518059,064-347020,CAC.SHANKIVIRONI@GMAIL.COM,,20600472373,JIRÓN 24 DE SETIEMBRE 1050 Interior 1 Piso 2 Mza  Lote  Km
COOPERATIVA AGROPECUARIA INDUSTRIAL SELVA ECOLÓGICA,JUNIN,CHANCHAMAYO,PICHANAQUI,COOPERATIVAS AGROPECUARIAS,979516906,,COOPERATIVA-CAISE@HOTMAIL.COM,,20600657128,JIRÓN 7 DE JUNIO 715 Interior 1 Piso 1 Mza  Lote  Km
COOPERATIVA AGROECOLOGICA EL CAFECITO - PICHANAQUI,JUNIN,CHANCHAMAYO,PICHANAQUI,COOPERATIVAS AGRARIAS,990822849,,COOPERATIVAAGROECOLOGICA@GMAIL.COM,,20601063922,CALLE SANTO TORIBIO 621 Interior 1 Piso 1 Mza  Lote  Km
COOPERATIVA AGRARIA CAFETALERA CAMPO CAFE,JUNIN,CHANCHAMAYO,PICHANAQUI,COOPERATIVAS AGRARIAS CAFETALERAS,954050707,,CAC.CAMPOCAFE@GMAIL.COM,,20601193923,JIRÓN 7 DE JUNIO 610 Interior 1 Piso 1 Mza  Lote  Km
COOPERATIVA AGRARIA CAFETALERA ORIGEN PERU,JUNIN,CHANCHAMAYO,PICHANAQUI,COOPERATIVAS AGRARIAS CAFETALERAS,962870318,,,,20601329868,JIRÓN RAMON CASTILLA SN Interior 1 Piso 1 Mza  Lote  Km
COOPERATIVA AGRARIA CAFETALERA SELVA ALTA,JUNIN,CHANCHAMAYO,PICHANAQUI,COOPERATIVAS AGRARIAS CAFETALERAS,971003334,,CACSELVALT@HOTMAIL.COM,,20486389371,AVENIDA MICAELA BASTIDAS 880 Interior 1 Piso 1 Mza  Lote  Km
COOPERATIVA AGRARIA CAFETALERA TAHUANTINSUYO,JUNIN,CHANCHAMAYO,PICHANAQUI,COOPERATIVAS AGRARIAS CAFETALERAS,971111559,064-347918,GERENCIA@CACTAHUANTINSUYO.COM,,20226738747,AVENIDA CIRCUNVALACION SN Interior 2 Piso 1 Mza  Lote  Km
COOPERATIVA AGRARIA CAFETALERA VALLE KUVIRIANI,JUNIN,CHANCHAMAYO,PICHANAQUI,COOPERATIVAS AGRARIAS CAFETALERAS,996533513,064-634140,CAC-KUVIRIANI@HOTMAIL.COM,,20485996720,JIRÓN ANDRES AVELINO CACERES 760 Interior 1 Piso 1 Mza  Lote  Km
COOPERATIVA AGRARIA ECOLOGICA CACAOTERA VALLE RIO ENE - COOPAVRE,JUNIN,SATIPO,SATIPO,COOPERATIVAS AGRARIAS,988698301,,COOPAVRE2010@GMAIL.COM,,20487242994,AVENIDA MICAELA BASTIDAS 839 Interior 1 Piso 1 Mza  Lote  Km
CACE HUAHUARI,JUNIN,SATIPO,SATIPO,COOPERATIVAS AGRARIAS,972693731,,,,20600125649,JIRÓN 28 DE JULIO 742 Interior 1 Piso 1 Mza  Lote  Km
C.A.C. VALLE MARANKIARI,JUNIN,SATIPO,SATIPO,COOPERATIVAS AGRARIAS CAFETALERAS,949275948,,,,20600229011,CARRETERA MONTERRICO - MARANKIARI SN Interior 1 Piso 1 Mza  Lote  Km
COOPERATIVA DE SERVICIOS AGRARIOS DE PEQUEÑOS PRODUCTORES DE JENGIBRE Y CÚRCUMA ORGÁNICOS SATIPO MAMA ROSA,JUNIN,SATIPO,SATIPO,COOPERATIVAS AGRARIAS,945455322,,COOPERATIVAMAMAROSA@GMAIL.COM,,20601661757,JIRÓN AUGUSTO B. LEGUIA 960 Interior 1 Piso 1 Mza  Lote  Km
COOPERATIVA AGROPECUARIA CAFETALERA ECOLOGICA VALLE SANTA CRUZ - RIO TAMBO LTDA,JUNIN,SATIPO,SATIPO,COOPERATIVAS AGROPECUARIAS,966002302,064-545164,CACE_VALLESANTACRUZ@HOTMAIL.COM,WWW.CAFEVALLESANTACRUZ.COM,20486388561,JIRÓN JULIO C. TELLO 537 Interior 1 Piso 1 Mza  Lote  Km
COOPERATIVA AGROINDUSTRAL SELVA CENTRAL COVIRIALI LTDA,JUNIN,SATIPO,COVIRIALI,COOPERATIVAS AGROINDUSTRIALES,967097383,,,,20600993241,CALLE ESQUINA CALLE 04 Y CALLE 01 SN Interior 1 Piso 1 Mza  Lote  Km
COOP BESACARI - PERU,JUNIN,SATIPO,LLAYLLA,COOPERATIVAS AGRARIAS,993928318,,COOPBESACARI.PERU@GMAIL.COM,,20601667526,CALLE BOLIVAR SN Interior 1 Piso 1 Mza A Lote 20 Km
COOPERATIVA CACAOTERA AGROECOLOGICA TURISTICA VALLE RÍO ENE,JUNIN,SATIPO,MAZAMARI,COOPERATIVAS AGRARIAS,954845228,,,,20600421922,OTRO NAZCA SN Interior  Piso 1 Mza  Lote  Km
COOPERATIVA AGRARIA SANGARENI,JUNIN,SATIPO,PANGOA,COOPERATIVAS AGRARIAS,985743002,,SANGARENICOOP@GMAIL.COM,,20486255090,AVENIDA SONOMORO 199 Interior  Piso 1 Mza  Lote  Km
COOPERATIVA AGROINDUSTRIAL SONOMORO LTDA,JUNIN,SATIPO,PANGOA,COOPERATIVAS AGROINDUSTRIALES,967989871,,CAISONOMORO1@HOTMAIL.COM,,20486668335,AVENIDA SONOMORO SN Interior  Piso 1 Mza  Lote  Km
COOPERATIVA AGROECOLOGICA GRANOS DE ORO DEL VALLE DE PANGO,JUNIN,SATIPO,PANGOA,COOPERATIVAS AGRARIAS,949022286,,COOAGROPANGOA@GMAIL.COM,,20600284992,CALLE 3 DE NOVIEMBRE 432 Interior  Piso 1 Mza 18 Lote A-3 Km
COOPERATIVA AGRARIA DE PRODUCTORES ASHANINKAS KEMITO-ENE LTDA,JUNIN,SATIPO,PANGOA,COOPERATIVAS AGRARIAS,954862012,064-545670,RUTHBUENDIARIOENE@GMAIL.COM,,20601601142,JIRÓN FRANCISCO IRAZOLA 1401 Interior  Piso 1 Mza  Lote  Km
COOPERATIVA AGROINDUSTRIAL DE JOVENES LTDA.,JUNIN,SATIPO,PANGOA,COOPERATIVAS AGROINDUSTRIALES,995881787,,COOPDEJOVENES@GMAIL.COM,,20600724089,AVENIDA RIO ENE SN Interior  Piso 1 Mza A Lote 17 Km
COOPERATIVA AGROECOLOGICO CAFÉ  CACAO DE ORIGEN D,JUNIN,SATIPO,PANGOA,COOPERATIVAS AGRARIAS,935980104,,COOP.ECOVRAE@GMAIL.COM,WWW.ECOVRAE.COM,20541443933,AVENIDA SONOMORO O Interior  Piso 1 Mza E Lote 16 Km
COOPERATIVA AGROINDUSTRIAL Y DE SERVICIOS MULTIPLES VALLE KIATARI-PANGOA LTDA.,JUNIN,SATIPO,PANGOA,COOPERATIVAS AGROINDUSTRIALES,995746041,,COOPVALLEKIATARI@GMAIL.COM,,20573906030,CALLE CAMPIRUSHARI SN Interior  Piso 1 Mza  Lote  Km
COOPERATIVA AGRARIA INDUSTRIAL APASC SANCORE-PALCAZU LTDA.,PASCO,OXAPAMPA,PALCAZU,COOPERATIVAS AGROINDUSTRIALES,951969581,,APASC.SANCORE@GMAIL.COM,,20568549083,AVENIDA FERNANDO WESTREICHER SN Interior  Piso 1 Mza  Lote  Km
COOPERATIVA AGRARIA DE PRODUCTOS BIO ORGANICOS Y GRANOS ANDINOS DE VIRACO - COOPRORGANIC,AREQUIPA,CASTILLA,VIRACO,COOPERATIVAS AGRARIAS,958522276,,,,20601106699,CALLE HERMEGILDO GUZMAN NRO. S/N (A 30 METROS DE LA PLAZA DE GRAU) SN Interior  Piso 1 Mza  Lote  Km
COOPERATIVA DE USUARIOS VEINTICUATRO DE JUNIO LIMITADA NRO.2,AREQUIPA,AREQUIPA,CAYMA,COOPERATIVAS AGROPECUARIAS,959644297,,PERICOA11@HOTMAIL.COM,,20600928598,JIRÓN QUIÑONES SN Interior  Piso 1 Mza S1 Lote 4 Km
COOPERATIVA AGRARIA DE USUARIOS CHARACTA,AREQUIPA,CAMANA,NICOLAS DE PIEROLA,COOPERATIVAS AGRARIAS,969866718,,,,20203801107,CALLE BOLOGNESI 204 Interior  Piso 1 Mza Ñ Lote 3 Km
COOPERATIVA AGRARIA SAN ISIDRO LTDA.,AREQUIPA,AREQUIPA,LA JOYA,COOPERATIVAS AGRARIAS,943123965,,,,20129964201,AVENIDA SN SN Interior  Piso 1 Mza  Lote  Km
COOPERATIVA DE PRODUCCION Y SERVICIOS AGROPECUARIOS VIRGEN DE LAS PEÑAS LTDA. - COVIRPE LTDA.,TACNA,TACNA,TACNA,COOPERATIVAS AGROPECUARIAS,954461008,,HUALLPA_T@HOTMAIL.COM,,20533047611,CALLE SN SN Interior  Piso 1 Mza A Lote 13 Km
COOPERATIVA AGRARIA LOCUMBA LTDA.,TACNA,JORGE BASADRE,LOCUMBA,COOPERATIVAS AGRARIAS,920246077,,,,20159066348,CALLE BOLOGNESI 119 Interior  Piso 1 Mza  Lote  Km
COOPERATIVA AGROPECUARIA DE SERVICIOS MULTIPLES SANTA FORTUNATA LTDA.,MOQUEGUA,MARISCAL NIETO,MOQUEGUA,COOPERATIVAS AGROPECUARIAS,956889493,,,,20219770121,CALLE PIURA 148 Interior  Piso 2 Mza  Lote  Km
COOPERATIVA AGRARIA LA ESPERANZA ES MAJE,AREQUIPA,CAYLLOMA,MAJES,COOPERATIVAS AGRARIAS,958854374,054-586535,CALEM_10@HOTMAIL.COM,,20130891676,CALLE PRINCIPAL SN Interior  Piso 1 Mza  Lote  Km
COOPERATIVA AGRARIA CAL PEDREGAL IRRIGACION MAJES COACPIM,AREQUIPA,CAYLLOMA,MAJES,COOPERATIVAS AGRARIAS,959595974,,APLELPEDREGAL@HOTMAIL.COM,,20601647584,OTRO SN 547 Interior  Piso 1 Mza  Lote  Km
COOPERATIVA FUNDO EL PEDREGAL HUILLUCO,AREQUIPA,CASTILLA,CHILCAYMARCA,COOPERATIVAS AGRARIAS,965650526,,,,20456255591,OTRO HUILLUCO SN Interior  Piso 1 Mza  Lote  Km
COOPERATIVA AGRARIA DE USUARIOS LA VENTA-A,ICA,ICA,SANTIAGO,COOPERATIVAS AGRARIAS,944956603,,CAU.VENTAALTA@OUTLOOK.COM,,20113514761,CARRETERA SN SN Interior 0 Piso 1 Mza  Lote  Km 323
COOPERATIVA AGRARIA DE USUARIOS  LA VENTA LTDA.,ICA,ICA,SANTIAGO,COOPERATIVAS AGRARIAS,971499466,,,,20191162553,OTRO LA VENTA SN Interior 0 Piso 1 Mza E Lote 5 Km
COOPERATIVA AGRARIA DE USUARIOS ATALAYA LTDA.,ICA,ICA,PACHACUTEC,COOPERATIVAS AGRARIAS,955940222,,CAUATALAYA@HOTMAIL.COM,,20192389110,CARRETERA PANAMERICANA SUR SN Interior 0 Piso 1 Mza  Lote  Km 312
COOPERATIVA AGRARIA DE SERVICIOS FIBRAS PERUANAS -  VALLE DE PISCO LTDA.,ICA,PISCO,INDEPENDENCIA,COOPERATIVAS AGRARIAS,976572057,,COFIPE.P@GMAIL.COM,,20534604450,CARRETERA LOS LIBERTADORES SN Interior 0 Piso 1 Mza  Lote  Km
COOPERATIVA AGRARIA DE SERVICIOS AGRO-INKA C.P.P. LTDA.,ICA,PISCO,INDEPENDENCIA,COOPERATIVAS AGRARIAS,959423665,,,,20494994772,CARRETERA LOS LIBERTADORES SN Interior 0 Piso 1 Mza  Lote  Km 19
COOPERATIVA AGRARIA DE SERVICIOS NUEVA FORTALEZA,ICA,PISCO,HUMAY,COOPERATIVAS AGRARIAS,968495820,,,,20600842871,CALLE INDEPENDENCIA SN Interior 0 Piso 1 Mza 26 Lote 7 Km
COOPERATIVA AGRARIA DE USUARIOS 24 DE JUNIO LTDA.,ICA,CHINCHA,CHINCHA BAJA,COOPERATIVAS AGRARIAS,964944426,056-786775,,,20115372786,OTRO COLLAZOS SN Interior  Piso 1 Mza B Lote 9 Km
COOPERATIVA AGRARIA DE SERVICIOS DE MEDIANOS Y PEQUEÑOS PRODUCTORES AFRO CULTURAL LOS CHINCHAS LTDA.,ICA,CHINCHA,CHINCHA ALTA,COOPERATIVAS AGRARIAS,956949460,,,,20535033065,CALLE LUIS MASSARO 197 Interior 0 Piso 1 Mza  Lote  Km
COOPERATIVA AGROINDUSTRIAL CHINCHA LTDA.,ICA,CHINCHA,CHINCHA ALTA,COOPERATIVAS AGROINDUSTRIALES,956844809,,APPAV.CHINCHA@GMAIL.COM,,20601371481,CALLE MARISCAL RAMON CASTILLA 370 Interior 0 Piso 2 Mza  Lote  Km
COOPERATIVA AGRARIA GUERCHIN,ICA,CHINCHA,CHINCHA ALTA,COOPERATIVAS AGRARIAS,945916509,01-3426714,COOPGERCHIN@GMAIL.COM,,20600208501,CALLE PISCO 284 Interior 0 Piso 1 Mza  Lote  Km
COOPERATIVA AGRARIA DE USUARIOS SINCHI R,ICA,CHINCHA,EL CARMEN,COOPERATIVAS AGRARIAS,956629816,,,,20163253683,OTRO SAN REGIS SN Interior 0 Piso 1 Mza  Lote 52 Km
COOPERATIVA AGRARIA USUARIOS MANCO CAPAC LTDA.,ICA,CHINCHA,EL CARMEN,COOPERATIVAS AGRARIAS,955963617,,,,20115380967,OTRO GUAYABO SN Interior 0 Piso 1 Mza  Lote  Km
COOPERATIVA AGRARIA DE USUARIOS MAYTA CAPAC LTDA,ICA,CHINCHA,EL CARMEN,COOPERATIVAS AGRARIAS,934829402,,,,20534335611,OTRO SAN JOSE SN Interior 0 Piso 1 Mza B Lote 28 Km
COOPERATIVA AGRARIA DE USUARIO CHINCHAYSUYO,ICA,CHINCHA,EL CARMEN,COOPERATIVAS AGRARIAS,956879924,,,,20104480773,OTRO HOJA REDONDA SN Interior 0 Piso 1 Mza A Lote SN Km
COOPERATIVA AGRARIA DE USUARIOS ATAHUALPA LTDA.,ICA,CHINCHA,EL CARMEN,COOPERATIVAS AGRARIAS,956835213,,,,20104516981,OTRO LAS HUACAS SN Interior 0 Piso 1 Mza B Lote 24 Km
C A T RAMON CASTILLA LTDA.,ICA,NAZCA,NAZCA,COOPERATIVAS AGRARIAS,956335435,,,,20228206564,OTRO SOYSONGO SN Interior 0 Piso 1 Mza  Lote  Km
COOPERATIVA AGRARIA DE USUARIOS LA FORTALEZA LTDA.,LIMA,CAÑETE,SAN VICENTE DE CAÑETE,COOPERATIVAS AGRARIAS,942803857,,CAULAFORTALEZA@HOTMAIL.COM,,20491272512,CALLE SN SN Interior  Piso 1 Mza M Lote 2 Km
LA COOPERATIVA AGRARIA PYRKAS,LIMA,CAÑETE,IMPERIAL,COOPERATIVAS AGRARIAS,973846520,01-284832,AGRAFER67@HOTMAIL.COM,,20600127714,JIRÓN EL CARMEN 469 Interior  Piso 1 Mza  Lote  Km
COOPERATIVA AGRO INDUSTRIAL CABANA LTDA,PUNO,SAN ROMAN,CABANA,COOPERATIVAS AGROINDUSTRIALES,980278888,,,WWW.COPAINCABANA.COM,20448277781,AVENIDA LORETO SN Interior  Piso 1 Mza  Lote  Km
COOPERATIVA AGRARIA SAN GABAN LIMITADA,PUNO,CARABAYA,SAN GABAN,COOPERATIVAS AGRARIAS,962639808,,CAISANGABAN@GMAIL.COM,,20447888701,AVENIDA 15 DE OCTUBRE SN Interior  Piso 2 Mza  Lote  Km
COOPERATIVA AGROPECUARIA DE SERVICIOS INTEGRALES AJOYANI,PUNO,CARABAYA,AJOYANI,COOPERATIVAS AGROPECUARIAS,967656765,,,,20542670968,AVENIDA INAMBARI 616 Interior  Piso 1 Mza  Lote  Km
COOPERATIVA AGRARIA CAFETELERA SAN ISIDRO LTDA.,PUNO,SANDIA,YANAHUAYA,COOPERATIVAS AGRARIAS CAFETALERAS,951154592,,,,20146265732,JIRÓN LAS ROSAS SN Interior  Piso 1 Mza  Lote  Km
COOPERATIVA AGRARIA CAFETALERA SAN JUAN DEL ORO LTDA.,PUNO,SANDIA,SAN JUAN DEL ORO,COOPERATIVAS AGRARIAS CAFETALERAS,951660966,051-405466,MATEOQ16@HOTMAIL.COM,,20114942937,AVENIDA AUGUSTO B. LEGUIA SN Interior  Piso 1 Mza  Lote  Km
COOPERATIVA AGRARIA CAFETALERA DE SERVICIOS MULTIPLES Y DE CONSUMO CHARUYO LTDA.,PUNO,SANDIA,SAN JUAN DEL ORO,COOPERATIVAS AGRARIAS CAFETALERAS,986387781,,,,20185895671,AVENIDA AGRICULTURA 131 Interior  Piso 1 Mza  Lote  Km
COOPERATIVA AGRARIA CAFETALERA SAN IGNACIO LTDA.,PUNO,SANDIA,SAN PEDRO DE PUTINA PUNCO,COOPERATIVAS AGRARIAS CAFETALERAS,988619064,,,,20145484597,JIRÓN PROGRESO SN Interior  Piso 1 Mza  Lote  Km
COOPERATIVA AGRARIA CAFETALERA TUPAC AMARU LTDA.,PUNO,SANDIA,ALTO INAMBARI,COOPERATIVAS AGRARIAS CAFETALERAS,984412747,,,,20185883664,JIRÓN MARINO CISNEROS 157 Interior  Piso 1 Mza  Lote  Km
COOPERATIVA AGRARIA CAFETALERA VALLE GDE,PUNO,SANDIA,ALTO INAMBARI,COOPERATIVAS AGRARIAS CAFETALERAS,992763073,,,,20233074561,JIRÓN SANTA ROSA 351 Interior  Piso 1 Mza  Lote  Km
COOPERATIVA AGRARIA DE TRABAJADORES QUISUNI,PUNO,MELGAR,ORURILLO,COOPERATIVAS AGRARIAS,951449586,,,,20406337406,OTRO SN SN Interior  Piso 1 Mza  Lote  Km
COOPERATIVA AGROINDUSTRIAL SANTA ROSA LTDA.,PUNO,MELGAR,SANTA ROSA,COOPERATIVAS AGROINDUSTRIALES,974700301,,,,20542689634,CALLE AREQUIPA 188 Interior  Piso 1 Mza  Lote  Km
COOPERATIVA A.P. HUAYCHO LTDA. N° 44,PUNO,MELGAR,NUÑOA,COOPERATIVAS AGRARIAS,951884175,,,,20406182364,JIRÓN ARICA 325 Interior  Piso 1 Mza  Lote  Km
COOPERATIVA AGRARIA PURIFOR - COOP PURIFOR,ANCASH,BOLOGNESI,COLQUIOC,COOPERATIVAS AGRARIAS,965933442,,COOPPURIFOR@GMAIL.COM,,20407808666,JIRÓN SAN JUAN SN Interior  Piso 2 Mza  Lote  Km
COOPERATIVA AGRARIA VALLE HUARMEY - CULEBRAS,ANCASH,HUARMEY,HUARMEY,COOPERATIVAS AGRARIAS,999667202,043-354827,HUARMEYCOOP@GMAIL.COM,,20600170814,CALLE AIJA SN Interior  Piso 1 Mza R Lote 8-10 Km
COOPERATIVA AGRARIA LA FORTALEZA DE VIRU,LA LIBERTAD,VIRU,VIRU,COOPERATIVAS AGRARIAS,999526690,044-396593,CARLOSBACA7@HOTMAIL.COM,,20600788478,AVENIDA VIRU 260 Interior  Piso 1 Mza  Lote  Km
COOPERATIVA AGRARIA INDUSTRIAL LA LIBERTAD,LA LIBERTAD,TRUJILLO,HUANCHACO,COOPERATIVAS AGROINDUSTRIALES,950008687,044-273173,COOPAI_LALIBERTAD@HOTMAIL.COM,,20600519973,CALLE GARCILAZO DE LA VEGA SN Interior  Piso 1 Mza 4 Lote 13 Km
COOPERATIVA DE PRODUCTORES AGRICOPECUARIOS OTUZCO ANDINO,LA LIBERTAD,OTUZCO,OTUZCO,COOPERATIVAS AGRARIAS,948483791,,VILMA_AG_6@HOTMAIL.COM,,20601142741,PASAJE GARCILAZO DE LA VEGA 139 Interior  Piso 1 Mza  Lote  Km
SOCIEDAD AGRICOLA DE INTERES SOCIAL 24 DE JUNIO LTDA.,LA LIBERTAD,OTUZCO,OTUZCO,COOPERATIVAS AGRARIAS,937772471,,,,20482415815,CALLE TRUJILLO 1305 Interior  Piso 1 Mza  Lote  Km
COOPERATIVA AGRARIA ALTO ANDINA CHUGAY,LA LIBERTAD,SANCHEZ CARRION,CHUGAY,COOPERATIVAS AGRARIAS,921279662,,,,20600370619,CALLE SN SN Interior  Piso 1 Mza  Lote  Km
COOPERATIVA AGRARIA ECOLOGICA MARKAHUAMACHUCO,LA LIBERTAD,SANCHEZ CARRION,HUAMACHUCO,COOPERATIVAS AGRARIAS,959972351,,COOPECOMARKA@GMAIL.COM,,20601125715,AVENIDA 10 DE JULIO 702 Interior  Piso 1 Mza  Lote  Km
COOPERATIVA AGROECOLOGICA GRANO ANDINO DISTRITO DE SARTIMBAMBA COOP GRANO ANDINO,LA LIBERTAD,SANCHEZ CARRION,HUAMACHUCO,COOPERATIVAS AGRARIAS,990903765,,COOPGRANOANDINO@GMAIL.COM,,20600588355,JIRÓN MIRAFLORES 784 Interior  Piso 1 Mza  Lote  Km
COOPERATIVA AGRARIA DE SERVICIOS MULTIPLES VALLE PRODUCTIVO - COOPEVALLE,LA LIBERTAD,CHEPEN,PACANGA,COOPERATIVAS AGRARIAS,998536305,,JNUNEZYEPEZ@GMAIL.COM,WWW.COPEVALLE.COM,20601221463,CALLE PEDRO CACERES SN Interior  Piso 1 Mza F Lote 8 Km
COOPERATIVA AGRARIA LLIPTA,LAMBAYEQUE,CHICLAYO,JOSE LEONARDO ORTIZ,COOPERATIVAS AGRARIAS,982815839,,,,20600264053,CALLE AMERICA 700 Interior  Piso 1 Mza  Lote  Km
COOPERATIVA AGRARIA SAN PEDRO DE LOS INC AS LTDA.,TUMBES,TUMBES,CORRALES,COOPERATIVAS AGRARIAS,956725340,072-441098,COOPERATIVASANPEDRO1@HOTMAIL.COM,,20132681938,AVENIDA PIURA 100 Interior  Piso 1 Mza  Lote  Km
COOPERATIVA AGRARIA LOS AMBIENTALISTAS LTDA.,PIURA,PIURA,PIURA,COOPERATIVAS AGRARIAS,934944607,073-594331,,WWW.CACSANTAISABEL.COM.PE,20601164931,CALLE LIBERTAD 407 Interior  Piso 1 Mza  Lote  Km
COOPERATIVA AGRARIA NORANDINO LTDA..- COOP. NORANDINO,PIURA,PIURA,PIURA,COOPERATIVAS AGRARIAS,981872410,073-344983,COOPNORANDINO@COOPNORANDINO.COM.PE,WWW.COOPNORANDINO.COM.PE,20525416543,AVENIDA LOS DIAMANTES SN Interior  Piso 1 Mza X Lote 3-4 Km
"COOPERATIVA AGRARIA DE PRODUCTORES DE BANANO, CACAO ORGANICO Y OTROS CULTIVOS AGRARIOS LTDA.",PIURA,MORROPON,BUENOS AIRES,COOPERATIVAS AGRARIAS,968245276,,ASPROBO@COOPASPROBO.PE,WWW.COOPASPROBO.PE,20525969551,CALLE B SN Interior  Piso 1 Mza  Lote  Km
COOPERATIVA AGRARIA DE PRODUCTORES DE BANANO ORGANICO PIURA LA VIEJA- BATANES,PIURA,MORROPON,LA MATANZA,COOPERATIVAS AGRARIAS,980032156,,COOPBATANESPIURALAVIEJA@HOTMAIL.COM,,20530350861,CALLE SN SN Interior  Piso 1 Mza A Lote 6 Km
COOPERATIVA AGRARIA DE BANANEROS ORGANICOS SEÑOR DE CHOCAN DE SAN VICENTE DE PIEDRA RODADA,PIURA,SULLANA,SULLANA,COOPERATIVAS AGRARIAS,948335606,,ASOCIACION_SV_PR@HOTMAIL.COM,,20525692141,CALLE SAN JOSE SN Interior  Piso 1 Mza  Lote  Km
COOPERATIVA AGRARIA APPBOSA,PIURA,SULLANA,MARCAVELICA,COOPERATIVAS AGRARIAS,969412141,,APPBOSA@YAHOO.COM,WWW.APPBOSA.COM,20484062031,OTRO NUEVA ESPERANZA SN Interior  Piso 1 Mza  Lote  Km
COOPERATIVA AGRARIA APBOSMAM,PIURA,SULLANA,MARCAVELICA,COOPERATIVAS AGRARIAS,976398159,,APBOSMAN_2007@YAHOO.ES,WWW.APBOSMAN.COM,20525545866,CALLE SANCHEZ CERRO SN Interior  Piso 1 Mza  Lote  Km
CAPEBOSAN - JIBITO,PIURA,SULLANA,MIGUEL CHECA,COOPERATIVAS AGRARIAS,955777017,,CAPEBOSAN.PERU@GMAIL.COM,,20600058186,CALLE SANTA ROSA 209 Interior  Piso 1 Mza  Lote  Km
COOPERATIVA AGRARIA DE SERVICIOS MULTIPLES TALLAN CHUSIS LTDA. - COSTACH LTDA.,PIURA,PIURA,CATACAOS,COOPERATIVAS AGRARIAS,969558396,073-515163,COSTACHLTDA@HOTMAIL.COM,,20525618332,JIRÓN MARIANO DIAZ 1021 Interior  Piso 1 Mza  Lote  Km
COSATIN LTDA.,APURIMAC,ABANCAY,ABANCAY,COOPERATIVAS AGROPECUARIAS,983614928,083-322840,EBENEZERTINTAY@GMAIL.COM,,20490316966,AVENIDA DIAZ BARCENAS 902 Interior  Piso 1 Mza  Lote  Km
COOPERATIVA AGROINDUSTRIAL TIERRA ANDINA APURIMAC LTDA. - CATAA LTDA.,APURIMAC,ANDAHUAYLAS,ANDAHUAYLAS,COOPERATIVAS AGROINDUSTRIALES,981889166,,VCCASAQ@HOTMAIL.COM,,20600998847,AVENIDA SESQUICENTENARIO SN Interior  Piso 1 Mza  Lote  Km
COOPERATIVA AGRARIA CAFETALERA VALLE DE INCAHUASI,APURIMAC,ANDAHUAYLAS,ANDAHUAYLAS,COOPERATIVAS AGRARIAS CAFETALERAS,983615926,,CACVIPERU@YAHOO.ES,WWW.CAC-INCAHUASI.COM,20527565376,AVENIDA SAN ANTONIO 418 Interior  Piso 1 Mza  Lote  Km
COOPERATIVA AGRARIA DE SERVICIOS MULTIPLES CUY CHANKA - COASERCUY,APURIMAC,ANDAHUAYLAS,ANDAHUAYLAS,COOPERATIVAS AGRARIAS,988808880,,,,20564260275,AVENIDA LOS CEDROS 710 Interior  Piso 1 Mza  Lote  Km
COOPERATIVA AGRARIA NIÑO JESUS DE HUANCARAY - COO HUANCARAY,APURIMAC,ANDAHUAYLAS,HUANCARAY,COOPERATIVAS AGRARIAS,973864698,,,,20564244075,JIRÓN COMERCIO 372 Interior  Piso 1 Mza  Lote  Km
COOPERATIVA AGRARIA DE SERVICIOS MULTIPLES TESORO CHANKA DE KISHUARA - COOPAGROS - KISHUARA,APURIMAC,ANDAHUAYLAS,KISHUARA,COOPERATIVAS AGRARIAS,983954262,083-631387,COPAGROS2012@HOTMAIL.COM,,20491204436,AVENIDA AREQUIPA 312 Interior  Piso 1 Mza  Lote  Km
COOPERATIVA AGRARIA LOS CHANKAS - CAGCH,APURIMAC,ANDAHUAYLAS,SAN JERONIMO,COOPERATIVAS AGRARIAS,999996362,,JORTIZCOOPAGRARIALOSCHANKAS@GMAIL.COM,,20564385302,JIRÓN AMARGURA 514 Interior  Piso 1 Mza  Lote  Km
COOPERATIVA AGROINDUSTRIAL MACHUPICCHU LTDA. - CAGMA,APURIMAC,ANDAHUAYLAS,SAN JERONIMO,COOPERATIVAS AGROINDUSTRIALES,988262628,083-422142,COOPERATIVA.MACHUPICCHU@GMAIL.COM,WWW.COOPERATIVACAGMA.COM,20490810146,AVENIDA LEONCIO PRADO 333 Interior  Piso 1 Mza  Lote  Km
COOPERATIVA AGRARIA DE SERVICIOS MULTIPLES SUR ANDINO - COOPSUR,APURIMAC,ANDAHUAYLAS,SAN JERONIMO,COOPERATIVAS AGRARIAS,978845838,,COOPSUR15@GMAIL.COM,,20601006368,AVENIDA LEONCIO PRADO SN Interior  Piso 1 Mza  Lote  Km
COOPERATIVA AGRARIA DE PRODUCTORES ORGANICOS DE LA SIERRA,AYACUCHO,HUAMANGA,AYACUCHO,COOPERATIVAS AGRARIAS,966636202,066-312242,COOPRAOS@HOTMAIL.COM,,20534847352,OTRO BASILIO AUQUI SN Interior  Piso 1 Mza J Lote 16 B Km
COOPERATIVA AGRARIA VENCEDORES DE AYACUCHO LTDA.,AYACUCHO,HUAMANGA,AYACUCHO,COOPERATIVAS AGRARIAS,943247000,066-318787,IRJAYACUCHO@HOTMAIL.COM,,20494602106,OTRO MARIA PARADO DE BELLIDO 150 Interior  Piso 3 Mza  Lote  Km
COOPERATIVA AGRARIA DE PRODUCTORES DE CULTIVOS ANDINOS DE SAN ANTONIO DE MANALLASACC-CHIARA-HGA-AYAC,AYACUCHO,HUAMANGA,SAN JUAN BAUTISTA,COOPERATIVAS AGRARIAS,990303463,,DOGUI_225@HOTMAIL.COM.PE,,20601576181,JIRÓN MICAELA BASTIDAS 428 Interior  Piso 1 Mza  Lote  Km
COOPERATIVA AGRARIA DE PRODUCTORES DE CULTIVOS ANDINOS CHIARA,AYACUCHO,HUAMANGA,SAN JUAN BAUTISTA,COOPERATIVAS AGRARIAS,966505009,,,,20600881150,AVENIDA MALVINAS 280 Interior  Piso 1 Mza  Lote  Km
COOPERATIVA AGRARIA DE PRODUCTORES ORGANICOS EL APU CHULLO DEL DISTRITO DE ACOCRO LTDA.,AYACUCHO,HUAMANGA,SAN JUAN BAUTISTA,COOPERATIVAS AGRARIAS,966636669,,COOPEARATIVAELAPUCHULLO@GMAIL.COM,WWW.COOPERATIVAAPUCHULLO.COM,20600828585,OTRO LAS AMERICAS SN Interior  Piso 3 Mza C Lote 10D Km
COOPERATIVA AGRARIA DE PRODUCTORES DEL DISTRITO DE TAMBILLO,AYACUCHO,HUAMANGA,TAMBILLO,COOPERATIVAS AGRARIAS,950028608,,JESCALANTEE@OUTLOOK.COM,,20601377781,CARRETERA CARRETERA ANDAHUAYLAS SN Interior  Piso 1 Mza  Lote  Km 27
COOPERATIVA AGRARIA CAFETALERA EL QUINACHO LTDA.N° 78,AYACUCHO,HUANTA,SIVIA,COOPERATIVAS AGRARIAS CAFETALERAS,966958618,066-635689,CAC_ELQUINACHO@YAHOO.ES,,20143692010,AVENIDA QUINACHO SN Interior  Piso 1 Mza V Lote 1 Km
COOPERATIVA AGRARIA CAFET VALLE RIO APURIMAC,AYACUCHO,LA MAR,AYNA,COOPERATIVAS AGRARIAS CAFETALERAS,966666471,,CACVRA@YAHOO.ES,,20129156083,AVENIDA 28 DE JULIO 004 Interior  Piso 3 Mza  Lote  Km
COOPERATIVA AGRARIA LA MORADA LTDA. N° 148,HUANUCO,LEONCIO PRADO,JOSE CRESPO Y CASTILLO,COOPERATIVAS AGRARIAS,964149700,,COOPERATIVAAGRARIALAMORADA@GMAIL.COM,,20600776968,"AVENIDA 14 DE JUNIO 309 Interior  Piso 1 Mza K Lote 1,2 Km"
COOPERATIVA AGRARIA BELLA DURMIENTE LTDA.,HUANUCO,LEONCIO PRADO,MARIANO DAMASO BERAUN,COOPERATIVAS AGRARIAS,991988664,,DCALDASCAMACHO@GMAIL.COM,WWW.CABELLADURMIENTE.SIMPLESITE.COM,20573334648,CARRETERA CENTRAL TINGO MARIA HUANUCO_ LAS PALMAS SN Interior  Piso 1 Mza  Lote  Km 17
COOPERATIVA AGRARIA CACAOTERA PUERTO INCA,HUANUCO,PUERTO INCA,PUERTO INCA,COOPERATIVAS AGRARIAS,997762765,,COOPACPI@HOTMAIL.COM,,20573049102,JIRÓN LAS PALMERAS SN Interior  Piso 1 Mza  Lote  Km
COOPERATIVA AGRARIA DE TRABAJADORES DE PUERTO CIRA,HUANUCO,PUERTO INCA,PUERTO INCA,COOPERATIVAS AGRARIAS,940498722,062-830167,,,20222136360,OTRO PUERTO SIRA SN Interior  Piso 1 Mza  Lote  Km
COOPERATIVA AGRARIA CAFETALERA LA FLORIDA,JUNIN,CHANCHAMAYO,CHANCHAMAYO,COOPERATIVAS AGRARIAS CAFETALERAS,996651584,064-531190,GERENCIA.CACLAFLORIDA@GMAIL.COM,WWW.CACLAFLORIDA.COM,20140181405,AVENIDA PERU 430 Interior  Piso 1 Mza  Lote  Km
COOPERATIVA AGRARIA CAFETALERA PERENE,JUNIN,CHANCHAMAYO,CHANCHAMAYO,COOPERATIVAS AGRARIAS CAFETALERAS,927997648,064-335283,JROMERO@COOPERENE.COM,,20130376127,AVENIDA PERU 545 Interior  Piso 1 Mza  Lote  Km
COOPERATIVA AGROINDUSTRIAL DE PRODUCTORES ECOLOGICOS GRANO DE ORO,JUNIN,CHANCHAMAYO,PICHANAQUI,COOPERATIVAS AGROINDUSTRIALES,962545448,064-347898,EXPORTCOFFEE_CAPEGO@HOTMAIL.COM,,20568660278,JIRÓN LA PAZ C18B Interior  Piso 1 Mza  Lote  Km
COOPERATIVA AGRARIA DE MUJERES PRODUCTORAS DE CAFE - PICHANAKI,JUNIN,CHANCHAMAYO,PICHANAQUI,COOPERATIVAS AGRARIAS CAFETALERAS,954644243,,CAMPCPKI@GMAIL.COM,,20568633629,AVENIDA SANTA ROSA 622 Interior  Piso 1 Mza  Lote  Km
COOPERATIVA AGRARIA ANTARO MARERIAKI - PERU,JUNIN,CHANCHAMAYO,PICHANAQUI,COOPERATIVAS AGRARIAS,942992181,,COOP.MARERIAKI_PERU@HOTMAIL.COM,,20568236115,AVENIDA SANTA ROSA B-17 Interior  Piso 1 Mza  Lote  Km
COOPERATIVA AGRARIA CAFETALERA SOSTENIBLE VALLE UBIRIKI,JUNIN,CHANCHAMAYO,PICHANAQUI,COOPERATIVAS AGRARIAS CAFETALERAS,969495033,064-384309,COOPERATIVA@UBIRIKI.COM.PE,WWW.UBIRIKI.COM.PE,20486267934,AVENIDA MARGINAL SN Interior  Piso 1 Mza  Lote  Km 61
COOPERATIVA AGROECOLOGICA DE CAFE DE ORIGEN SELVA CENTRAL,JUNIN,CHANCHAMAYO,PICHANAQUI,COOPERATIVAS AGRARIAS,998444456,,CAECOS-SC@HOTMAIL.COM,WWW.CAECOS.COM,20487224660,AVENIDA MARGINAL 852 Interior  Piso 1 Mza  Lote  Km
COOPERATIVA AGRARIA CAFETALERA CAFE Y CACAO RIO NEGRO LTDA.,JUNIN,SATIPO,RIO NEGRO,COOPERATIVAS AGRARIAS CAFETALERAS,988453023,,COOPALRIONEGRO@GMAIL.COM,,20487272800,AVENIDA MARGINAL SN Interior  Piso 1 Mza  Lote  Km 2
COOPERATIVA AGRARIA INTERCULTURAL CAFE Y CACAO DE RIO TAMBO - VRAEM,JUNIN,SATIPO,RIO NEGRO,COOPERATIVAS AGRARIAS,988164819,,CAICC.RIOTAMBO.VRAEM@GMAIL.COM,,20600329848,JIRÓN LOS NOGALES SN Interior  Piso 1 Mza A Lote 3 Km
COOPERATIVA AGROPECUARIA CAFETALERA RIO NEGRO,JUNIN,SATIPO,RIO NEGRO,COOPERATIVAS AGROPECUARIAS,960183989,,CACRIONEGRO-PERU@HOTMAIL.COM,,20487180271,AVENIDA MARGINAL SN Interior  Piso 1 Mza  Lote  Km
COOPERATIVA AGRARIA DE SOCIOS Y EX-SOCIOS BENEFICIARIOS DE CAP OTOPONGO N° 33,LIMA,BARRANCA,BARRANCA,COOPERATIVAS AGRARIAS,977179341,01-2351416,,,20601544335,JIRÓN ANDRES DE LOS REYES 117 Interior  Piso 1 Mza  Lote  Km
COOPERATIVA AGRARIA CAFETALERA Y DE SERVICIOS ORO VERDE LTDA.,SAN MARTIN,LAMAS,LAMAS,COOPERATIVAS AGRARIAS CAFETALERAS,977256458,042-543389,OROVERDE@OROVERDE.COM.PE,WWW.OROVERDE.COM.PE,20489109981,JIRÓN SAN MARTIN 514 Interior  Piso 1 Mza  Lote  Km
COOPERATIVA AGRARIA CAFETALERA CEPRO YANESHA,PASCO,OXAPAMPA,VILLA RICA,COOPERATIVAS AGRARIAS CAFETALERAS,955989901,063-465073,CEPRO-YANESHA@HOTMAIL.COM,WWW.CEPROYANESHA.COM,20568071281,AVENIDA PUERTO BERMUDES 825 Interior  Piso 1 Mza  Lote  Km
